ts,rsi15m,rsi1h,rsi4h,rsi1d
10-01 15:02,54.5,53.4,51.3,56.5
10-01 16:02,54.9,54,51.8,56.6
10-01 17:02,45,49.1,49.6,55.6
10-01 18:02,49.2,50.5,50.2,55.9
10-01 19:02,41.8,46.9,48.5,55.1
10-01 20:02,44.8,47.4,48.8,55.2
10-01 21:02,47.9,48.4,49.3,55.5
10-01 22:02,43.5,46.1,48.2,55
10-01 23:02,41,43.4,46.9,54.4
10-02 00:02,40.1,42,46.1,54
10-02 01:02,49.3,46.6,47.9,54.8
10-02 02:02,44.8,44.4,46.8,54.3
10-02 03:02,54.8,50.7,49.7,55.6
10-02 04:02,51.5,49.4,49,55.3
10-02 05:02,51.6,49.3,49,55.2
10-02 06:02,50.7,48.9,48.8,55.2
10-02 07:02,48.8,47.9,48.2,54.9
10-02 08:02,50.5,48.6,48.5,55
10-02T09:02,54,50.4,49.3,55.4
10-02 10:02,52.1,50.3,49.3,55.3
10-02 11:02,55.8,52.2,50.3,55.7
10-02 12:02,59,54.6,51.5,56.1
10-02 13:02,54.9,53.2,51,55.9
10-02 14:02,61.8,58.1,53.6,56.9
10-02 15:02,53.4,54.1,51.9,56.2
10-02 16:02,49.9,52.6,51.2,56
10-02 17:02,54.7,54.7,52.4,56.4
10-02 18:02,53.7,54.8,52.7,56.5
10-02 19:02,53.1,54.8,52.7,56.6
10-02 20:02,51.1,53.8,52.4,56.5
10-02T21:02,50.9,53.7,52.4,56.5
10-02T22:02,58.6,57.4,54.3,57.1
10-02T23:02,57.4,57.6,54.6,57.3
10-03 00:02,48.7,53.2,52.8,56.6
10-03 01:02,50,53.7,53,56.7
10-03 02:02,44.3,50.3,51.4,56.2
10-03 03:02,40.5,46.7,49.5,55.6
10-03 04:02,31.1,36.9,43.6,52.8
10-03 05:02,35.6,37.6,43.9,52.8
10-03 06:02,37.1,37.7,43.6,52.7
10-03 07:02,45,41.3,45.2,53.3
10-03 08:02,49.8,43.7,46.3,53.8
10-03 09:02,56.7,48.1,48.4,54.7
10-03 10:02,55,48.1,48.4,54.7
10-03 11:02,51.9,47.3,48,54.4
10-03 12:02,52.8,48.1,48.4,54.7
10-03 13:02,55.6,49.9,49.3,55.1
10-03 14:02,51.9,48.7,48.7,54.9
10-03T15:02,50.9,48.7,48.7,54.9
10-03 16:02,48.9,47.9,48.4,54.7
10-03 17:02,42.5,45.1,47,54
10-03T18:02,41.5,44.1,46.5,53.7
10-03 19:02,46.3,45.7,47.1,53.9
10-03 20:02,49.6,47.1,47.6,54.2
10-03 21:02,52.2,48.4,48.2,54.4
10-03 22:02,47.1,46.3,47.2,54
10-03 23:02,53.4,49.1,48.4,54.5
10-04T00:02,55.1,50.5,49,54.8
10-04 01:02,53.7,50.4,49,54.8
10-04T02:02,53.4,50.7,49.2,54.9
10-04 03:02,55.4,52.3,50,55.1
10-04 04:02,50.9,50.8,49.4,54.9
10-04 05:02,53.1,51.8,49.9,55.1
10-04 06:02,55.5,53.3,50.5,55.3
10-04 07:02,53.8,52.8,50.3,55.3
10-04 08:02,53.4,52.7,50.4,55.3
10-04 09:02,56.1,54.1,50.9,55.5
10-04 10:02,49,51.6,50,55
10-04T11:02,47.9,51,49.8,54.9
10-04 12:02,51,52.2,50.4,55.1
10-04 13:02,51.5,52.8,50.6,55.2
10-04 14:02,58,56.2,52.1,55.9
10-04 15:02,56,55.9,52.1,55.9
10-04 16:02,55,55.7,52.2,55.9
10-04 17:02,54.1,55.9,52.3,56
10-04 18:02,52.5,55.4,52.3,56
10-04 19:02,49.2,53.7,51.8,55.8
10-04 20:02,46.6,52,51.3,55.6
10-04 21:02,46.2,51.2,51.2,55.5
10-04 22:02,48.3,51.6,51.3,55.6
10-04 23:02,46.3,50.4,50.9,55.5
10-05 00:02,49.7,51.8,51.3,55.7
10-05 01:02,44,48.6,50.2,55.2
10-05 02:02,44.9,48.3,50,55.1
10-05 03:02,46.7,48.8,50.2,55.2
10-05 04:02,52.9,51.8,51.3,55.7
10-05 05:02,52.1,51.7,51.2,55.7
10-05 06:02,48.5,50.3,50.8,55.5
10-05 07:02,48.4,50.4,50.7,55.5
10-05 08:02,54.2,53.5,51.9,55.9
10-05 09:02,55.4,54.6,52.4,56.1
10-05 10:02,58.2,56.9,53.4,56.4
10-05 11:02,56,56.9,53.6,56.5
10-05 12:02,55.6,57.8,54.2,56.7
10-05 13:02,44.5,50.8,51.7,55.7
10-05 14:02,40.1,47,50,55
10-05 15:02,48.9,51.1,51.8,55.8
10-05 16:02,54.5,54,53.3,56.4
10-05 17:02,56.3,55.6,54.1,56.7
10-05T18:02,50.4,53,52.9,56.3
10-05 19:02,49.8,52.4,52.7,56.2
10-05 20:02,51.9,53.4,53.3,56.4
10-05 21:02,52.2,53.6,53.5,56.5
10-05 22:02,48.4,51.8,52.7,56.3
10-05 23:02,45.1,49.6,51.6,55.9
10-06T00:02,40,45.3,49.5,55.1
10-06 01:02,41.1,45.1,49.4,55
10-06 02:02,43.9,45.5,49.4,55
10-06 03:02,48.9,47.8,50.5,55.4
10-06 04:02,52.6,50.1,51.5,55.9
10-06T05:02,54,51.2,52,56.1
10-06 06:02,57.3,53.4,53,56.5
10-06 07:02,59.4,55,53.9,56.8
10-06 08:02,55.9,54.1,53.5,56.7
10-06 09:02,52.3,52.6,53,56.4
10-06T10:02,47,50,51.7,55.9
10-06 11:02,39.4,45.6,49.6,55
10-06 12:02,35.9,42.7,48,54.2
10-06 13:02,34.8,41,47.2,53.8
10-06T14:02,46.1,45.7,49.1,54.6
10-06 15:02,47.5,46.5,49.5,54.8
10-06 16:02,50.5,47.7,50,55
10-06T17:02,55.7,50.7,51.3,55.6
10-06 18:02,54.3,50.6,51.2,55.6
10-06 19:02,52.6,50,51,55.5
10-06 20:02,56.3,52.9,52.3,56.1
10-06 21:02,55,52.9,52.3,56.2
10-06 22:02,51.6,51.4,51.7,56
10-06 23:02,49.6,50.6,51.4,55.9
10-07 00:02,54.3,53,52.5,56.3
10-07 01:02,47.7,50,51.3,55.7
10-07 02:02,42.4,46.7,49.7,55.1
10-07 03:02,48,48.8,50.6,55.5
10-07 04:02,45.2,47,49.8,55.1
10-07 05:02,40.9,43.8,48.3,54.5
10-07 06:02,44.3,44.7,48.6,54.6
10-07 07:02,47.5,46.3,49.2,54.8
10-07 08:02,48,46.4,49.1,54.8
10-07 09:02,48.9,46.9,49.3,54.9
10-07 10:02,47.6,46,48.8,54.6
10-07 11:02,24.1,31.5,40.8,50.6
10-07 12:02,28.3,31.6,40.4,50.2
10-07 13:02,31.5,32.3,40.5,50.1
10-07 14:02,31.1,31.3,39.5,49.6
10-07 15:02,37.3,34.1,40.3,50
10-07 16:02,42.8,36.1,41,50.3
10-07T17:02,45,37.3,41.3,50.3
10-07T18:02,38.6,34.8,39.8,49.6
10-07 19:02,37.3,33.6,38.9,49
10-07 20:02,38.6,33,38.5,48.8
10-07T21:02,36.3,31.4,37.6,48.3
10-07 22:02,37.7,31.3,37.3,48.1
10-07 23:02,37.5,30.1,36.5,47.7
10-08 00:02,37,29.7,36,47.4
10-08 01:02,50.8,37,38.4,48.5
10-08 02:02,49.4,37.1,38.4,48.4
10-08 03:02,47.4,36.3,37.9,48.1
10-08 04:02,51,39.1,38.8,48.5
10-08 05:02,51,39.6,38.9,48.5
10-08 06:02,54.6,42.4,40.1,48.9
10-08 07:02,50.8,41.2,39.4,48.6
10-08 08:02,55.5,44.4,40.7,49.1
10-08T09:02,58.6,46.8,41.8,49.5
10-08 10:02,59.5,48.2,42.6,49.7
10-08 11:02,51,45.9,41.5,49.2
10-08 12:02,52.8,47.2,42.1,49.5
10-08 13:02,44.8,43.5,40.6,48.7
10-08 14:02,43.6,41.9,39.9,48.3
10-08T15:02,43.1,41,39.5,48.1
10-08 16:02,48.6,44.4,40.6,48.6
10-08 17:02,49.3,45.4,41.1,48.8
10-08 18:02,51.6,47.2,42,49
10-08 19:02,57.7,51.9,44.2,49.9
10-08 20:02,49.2,47.9,42.2,49.1
10-08 21:02,45.6,46,41.4,48.8
10-08 22:02,43.5,44.4,40.8,48.5
10-08 23:02,49.8,47.4,42.1,49
10-09 00:02,49.3,47.6,42.3,49
10-09 01:02,26.1,30,32.8,44
10-09 02:02,29.3,29.5,32.4,43.6
10-09 03:02,31.6,29.6,31.9,43.4
10-09 04:02,43.5,37.4,35.2,44.7
10-09 05:02,49.8,41.4,37.6,45.5
10-09 06:02,53.9,44.3,39.6,46.2
10-09 07:02,52.9,44.3,39.4,46.2
10-09 08:02,54.5,45.3,40,46.4
10-09 09:02,52.4,45.2,39.8,46.3
10-09 10:02,49.2,44.3,39.3,45.9
10-09 11:02,57.1,48,41.4,46.9
10-09T12:02,56.8,48.5,41.6,47
10-09 13:02,60,50.5,42.9,47.6
10-09 14:02,57.5,50.5,43,47.6
10-09 15:02,58.6,52,43.9,48
10-09 16:02,59.8,53.5,44.8,48.5
10-09 17:02,57.6,53.2,44.8,48.4
10-09 18:02,54.4,52.5,44.6,48.3
10-09 19:02,52.8,52.1,44.6,48.3
10-09 20:02,42,47.6,42.9,47.3
10-09 21:02,50.2,50.6,44.1,47.9
10-09 22:02,46.4,48.9,43.4,47.5
