symbol,rsi15m,rsi1h,rsi4h,rsi1d
0GUSDT,46.5,26.5,31.5,47.2
1000000BOBUSDT,10.2,41.5,42.8,20.6
1000000MOGUSDT,65.3,55.1,43,44.9
1000BONKUSDT,68,59.9,44.9,48.9
1000CATUSDT,63.6,53.9,39.3,43.9
1000CHEEMSUSDT,63.5,55,43.2,42.6
1000FLOKIUSDT,68,66.7,56.2,53.7
1000LUNCUSDT,67.4,62.2,52.5,45.7
1000PEPEUSDT,57.6,56.8,42.4,46.5
1000RATSUSDT,61.8,52.3,40.1,38.5
1000SATSUSDT,68.1,57.9,46.4,47.4
1000SHIBUSDT,60.9,61.4,47.4,46.6
1000XECUSDT,61.3,54.6,40.9,38.8
1INCHUSDT,63,58.2,43.9,47.4
1MBABYDOGEUSDT,61.3,54.1,42.6,43.7
2ZUSDT,61.9,53.9,32,31.2
4USDT,54.1,54.9,43.9,42.9
AAVEUSDT,47,47.2,39.7,57.4
ACEUSDT,47.6,54.9,54.1,54.1
ACHUSDT,68.2,62.3,50.8,49.2
ACTUSDT,68.6,58.3,45.1,43.4
ACUUSDT,39.4,24.6,23,34.1
ADAUSDT,69.4,59.5,45.5,51.4
AEROUSDT,46.5,44.9,45.8,57.1
AEVOUSDT,56,54.9,55.6,60.2
AGLDUSDT,71.3,68.6,53.9,50.5
AGTUSDT,54,40,44.7,57.5
AIAUSDT,58.5,53.9,55.3,64.4
AIGENSYNUSDT,75.4,65.4,52.2,49.6
AINUSDT,36.4,39.4,44.5,49.4
AIOTUSDT,58.6,58.7,43.3,38.6
AIOUSDT,60.9,63.4,57.2,56.7
AIXBTUSDT,65.9,60.9,48,45.6
AKEUSDT,57.3,52.2,45.3,47.2
AKTUSDT,56.5,51.2,50.3,60.5
ALCHUSDT,50.8,45.3,32.5,43.9
ALGOUSDT,56.5,43.9,41.5,49.6
ALICEUSDT,69.5,68.7,55.3,57.2
ALLOUSDT,56.5,55.4,45.6,43.3
ALLUSDT,70.8,62.6,51.2,54.2
ALPINEUSDT,66.6,63.1,56.7,61.6
ALTUSDT,64.8,71.1,61.9,57.7
ANIMEUSDT,68.6,64.8,52.4,49
ANKRUSDT,72.8,70.2,60.3,54.1
APEUSDT,76,67.9,53.4,51
API3USDT,58,57.9,54.6,62.2
APRUSDT,50.5,48.1,36.8,34.9
APTUSDT,56.7,58.4,55.3,56.7
ARBUSDT,61.5,60.5,45.8,47.4
ARCUSDT,57.8,53.7,42.2,40.3
ARIAUSDT,49.3,50.7,45.2,47.2
ARKMUSDT,77.9,64.1,53.9,54
ARKUSDT,40.9,40.4,45.2,56.3
ARPAUSDT,72.5,65.1,55,58.7
ARUSDT,54.7,51.9,43.7,52.5
ARXUSDT,42.7,40.7,39.5,57
ASRUSDT,56.3,52.7,47.9,49.4
ASTERUSDT,65.3,56,47,46.1
ASTRUSDT,76.2,65,48.9,49.8
ATHUSDT,67.1,53.3,43.7,55.3
ATOMUSDT,57.6,71.7,72.5,68.1
ATUSDT,61.1,60.1,62.5,49.9
AUCTIONUSDT,61.4,60.1,57.2,55.6
AUSDT,63.8,66.1,62.6,63.1
AVAAIUSDT,48.2,33.4,35.7,40.5
AVAUSDT,62.2,67.2,54.1,52.5
AVAXUSDT,58.3,51.6,41.9,52
AVNTUSDT,70,65.8,65.2,66.5
AWEUSDT,59.5,60,44.6,45.3
AXLUSDT,71.1,71.2,59.5,59
AXSUSDT,70.2,62.7,48.9,55.3
AZTECUSDT,67.6,58,37.6,44.5
B2USDT,52.2,48.1,44,43.6
BABYUSDT,66.6,65.9,59.8,58.1
BANANAS31USDT,57.4,49.1,34.6,33.3
BANANAUSDT,73.7,60.3,50.4,45.3
BANDUSDT,73,64.6,57.7,62.6
BANKUSDT,51.4,56.2,52,40.2
BANUSDT,58.3,48,39.5,40.6
BARDUSDT,68.7,59.5,46.1,42.5
BASEDUSDT,73.3,59,56.7,54.5
BASUSDT,50.2,47.6,46.2,42.4
BATUSDT,56.4,71.1,79.8,82
BBUSDT,70.2,63.3,51.7,47.4
BCHUSDT,58.4,45,30.6,43.4
BEAMXUSDT,52.9,55.6,60.3,79.5
BEATUSDT,48.7,46.6,49.9,35.6
BELUSDT,75.6,63.8,52.6,48.5
BERAUSDT,71.4,60,46.7,49.1
BICOUSDT,62.3,51.8,44.5,39.9
BIGTIMEUSDT,62.7,64.9,50.1,51.1
BILLUSDT,57,41.6,30.6,26.3
BIOUSDT,65.3,54.9,44.2,46
BIRBUSDT,64.2,58.9,47.4,40.7
BLESSUSDT,65.7,59.1,45.1,42.3
BLUAIUSDT,51.6,49.5,43.7,34.1
BLURUSDT,61.6,57.1,44.4,48
BMTUSDT,66.7,64.2,59.1,52.7
BNBUSDT,55.3,49.3,37,44.8
BNTUSDT,69.1,59.1,44.3,44.3
BOMEUSDT,59.8,56.2,57.3,58.1
BRETTUSDT,71.4,60.6,47.4,47.9
BREVUSDT,79.3,73.8,58.7,56.3
BROCCOLI714USDT,62.6,54.8,44.8,49.9
BROCCOLIF3BUSDT,55.8,64.2,47.3,41.2
BRUSDT,48.8,51.4,48.9,44.7
BSBUSDT,50.8,58.7,56.7,50.2
BSVUSDT,63.1,56.3,47.7,50.1
BTCUSDT,52.2,51.1,42.9,50.3
BTRUSDT,38.1,51.3,57.7,50.2
BTWUSDT,60.2,77.7,71.3,66.2
BULLAUSDT,61.4,66.2,55.7,52.1
BUSDT,66,49.7,33.6,35.6
C98USDT,73.9,76.6,61.4,59.2
CAKEUSDT,60.4,54.8,37.3,39.5
CAPUSDT,77.1,81.9,65,63.9
CARVUSDT,57.3,47.2,40,50.8
CATIUSDT,47.8,41.1,41.9,51.7
CCUSDT,56.9,55.8,52.1,53.2
CELOUSDT,60.3,62.1,52.6,55.6
CELRUSDT,70.3,62.9,58.6,58.6
CETUSUSDT,70.8,66.6,54.6,52.5
CFGUSDT,61.3,62.4,50.4,49.6
CFXUSDT,70.1,58.3,45,46
CGPTUSDT,55.5,57.2,53.5,54.1
CHILLGUYUSDT,52.7,44.2,30.8,36.1
CHIPUSDT,72,64.3,56,58.7
CHRUSDT,66.2,65.6,60.1,60.6
CHZUSDT,66,63.3,46.5,48.1
CKBUSDT,68.5,64.5,56.4,56.5
CLANKERUSDT,63.2,56.6,45,47.8
CLOUSDT,58.8,55.4,51.1,41.1
COAIUSDT,66.4,56.3,45.3,46.3
COLLECTUSDT,46.5,56.1,55.1,45
COMPUSDT,52.9,60.3,55.1,57.1
COOKIEUSDT,69.3,56,44.5,47.3
COTIUSDT,51.6,43.5,41.2,40.4
COWUSDT,69.1,59.6,45.7,47.2
CROSSUSDT,53.6,40.2,33.3,44.9
CRVUSDT,52.3,57.4,49.5,50.5
CTRUSDT,64.1,46.9,46.5,56.4
CTSIUSDT,46.7,49.8,60.4,70.7
CTUSDT,46,46.7,34.6,
CUSDT,58.3,66.5,59.1,68.8
CVCUSDT,62.7,55.1,35.8,41.7
CYBERUSDT,54.4,58.3,63.3,60
CYSUSDT,61.8,53.3,48,39.6
DASHUSDT,52.1,48,34.8,41.1
DATAIPUSDT,51.7,49,37.1,38.2
DEEPUSDT,62.2,57.3,43.8,52
DEXEUSDT,62.8,69.4,56.3,43.5
DIAUSDT,74.4,68.6,63.6,69.3
DODOXUSDT,68.6,60.7,54.8,50.3
DOGEUSDT,60.8,53.2,36.9,41.3
DOGSUSDT,66.6,62.8,48.7,43
DOLOUSDT,80.2,63.4,45.1,47.8
DOODUSDT,52.2,48.2,38.5,39.9
DOSUSDT,55.9,57.2,65.9,56.5
DOTUSDT,64.6,72.4,63.2,57.7
DRIFTUSDT,54.6,40.3,41.4,51.8
DUSKUSDT,60.8,57.6,48.7,47.3
DYDXUSDT,64.3,64.4,53,53.3
DYMUSDT,66.7,63.5,50.3,49.7
EDENUSDT,53.7,50.1,51.4,54.9
EDGEUSDT,52.8,41.3,17.7,26.4
EDUUSDT,59.1,58.4,64.4,79
EGLDUSDT,58.9,49.1,38.6,40.9
EIGENUSDT,60,49.3,39.6,43.1
ELSAUSDT,72,71.3,57.3,51.3
ENAUSDT,52.2,50.6,41.9,49.4
ENJUSDT,63.2,63.7,57.3,58.8
ENSOUSDT,50.6,55.4,51.7,47.9
ENSUSDT,67.3,55.2,43,45.8
EPICUSDT,53,46.5,41,46.6
ERAUSDT,54.3,56.5,53.4,51.1
ESPORTSUSDT,58.2,52.3,38.8,42.9
ESPUSDT,53.9,57.8,55.7,63.5
ETCUSDT,64.4,62.4,47.1,46.9
ETHFIUSDT,49.6,42.1,41.1,46.8
ETHUSDT,52.1,46.2,33,39
ETHWUSDT,71,72.3,58.1,51.2
EULUSDT,47.1,48.6,46.4,48.9
EVAAUSDT,64.7,53.3,42.5,48.5
FARTCOINUSDT,53.6,52.2,46.8,45
FETUSDT,58.8,47.6,40.5,51.3
FFUSDT,50.7,45.6,31.5,36.8
FHEUSDT,58,52.5,43.1,39.8
FIDAUSDT,62.9,55.8,49.1,49.2
FIGHTUSDT,49.2,49.3,44,47.1
FILUSDT,51.3,53,51.6,56.7
FLOCKUSDT,69.3,52.9,36.7,42.5
FLOWUSDT,61,57.4,49.3,50.2
FLUIDUSDT,52.1,57.6,60.1,69.6
FLUXUSDT,70.4,64.2,59.2,66.8
FOGOUSDT,64.3,56.9,43.3,32
FOLKSUSDT,56.1,64.2,60.1,55.1
FORMUSDT,56.7,53.1,47.3,46.4
FRAXUSDT,64.1,57,51.3,53.5
FUSDT,63.3,56.6,45.1,41.6
GALAUSDT,73.4,68.3,51.8,55.2
GASUSDT,67.1,59.2,47.7,47
GENIUSUSDT,69,70.3,62.9,56.7
GIGGLEUSDT,58.5,55.5,47,45
GLMUSDT,72,63.8,61.3,62.8
GMTUSDT,67.3,86.9,70.3,62.5
GMXUSDT,55,60,56.1,57.1
GOATUSDT,63.8,58.3,40.5,42.6
GPSUSDT,65.8,55.6,51.2,46.8
GRAMUSDT,52.8,55,50.2,49.2
GRASSUSDT,57.5,57.1,48.7,58.4
GRIFFAINUSDT,60.1,66,57.8,58.2
GRTUSDT,66,58.3,47.7,54.3
GRVTUSDT,54.8,49.6,52.8,65.5
GTCUSDT,45.9,49.1,54,65.4
GUAUSDT,43.8,54.4,58.6,51.9
GUNUSDT,65.2,60.1,44.5,45.4
GUSDT,57.4,51.7,38.8,42.1
GWEIUSDT,63.7,77.8,63.5,47.4
HAEDALUSDT,63.6,63.2,53.7,48.2
HANAUSDT,54.9,51.3,49.2,31.2
HBARUSDT,69,56.1,43.1,49
HEIUSDT,60,52.7,40,40.5
HEMIUSDT,52.9,46.3,46.2,41.6
HIVEUSDT,65,61.3,51.5,53
HMSTRUSDT,70.9,62.7,47.6,42.2
HOLOUSDT,71,61.8,47.4,43.1
HOMEUSDT,50.5,55.1,52.2,45.1
HOTUSDT,69.3,57.9,42.3,46.1
HUMAUSDT,49.5,62.6,59.3,61.6
HUSDT,52.3,39.6,29.5,36.3
HYPERUSDT,66.9,60.4,55.5,50.3
HYPEUSDT,45,41.2,36.4,44.3
ICNTUSDT,55.6,60.2,60.2,50.4
ICPUSDT,55,53.9,41.5,48.7
IDOLUSDT,63.1,54.9,47.6,37.9
IDUSDT,75.1,63.5,57.1,56.8
ILVUSDT,71.7,69,57.9,57.9
IMXUSDT,77.1,75.6,65.5,68.4
INITUSDT,56,48.3,45.6,63.5
INJUSDT,51.2,46.8,41.8,47.4
INUSDT,66.7,58,43,42.2
INXUSDT,62.7,52.8,34.1,37.1
IOSTUSDT,68.1,61.9,53.4,49
IOTAUSDT,65.5,56.5,42.4,51.7
IOTXUSDT,62.6,49.7,51.3,58.1
IOUSDT,65.2,56.2,43.8,48.4
IRYSUSDT,62.5,54.6,42.9,43
JASMYUSDT,66.6,71.4,56.4,54.8
JCTUSDT,68.6,63.5,68.1,72.6
JELLYJELLYUSDT,64.9,55,46.2,41.3
JOEUSDT,72.9,66.6,53.6,55.2
JSTUSDT,52.7,57,60.4,70.7
JTOUSDT,59.4,50.3,46,49
JUPUSDT,54.6,58.1,60.8,66
KAIAUSDT,72.4,83.1,82.2,85.5
KAITOUSDT,66.3,58.8,44.3,41.7
KASUSDT,53.4,59.4,52.5,53.2
KATUSDT,62.4,60.9,50.7,45.4
KAVAUSDT,50.3,42.4,41.9,53.7
KERNELUSDT,71.3,62.5,48.8,52.4
KGENUSDT,63.7,54,42.6,37.3
KITEUSDT,55.8,32.8,29.9,41.9
KMNOUSDT,60.4,40,30.9,46
KNCUSDT,73.7,68,54.9,51.5
KOMAUSDT,66,56.8,49.9,53.1
KSMUSDT,60.2,69.4,60.2,60
LABUSDT,47.1,53.6,59.1,40.1
LAUSDT,59.8,56.2,43.3,41.8
LAYERUSDT,68.1,59,46,45.4
LDOUSDT,60.9,50.8,44.2,48.2
LIGHTUSDT,46.2,56.8,55.8,58
LINEAUSDT,65.1,62.4,55.6,50.6
LINKUSDT,50.2,47.9,37.6,46.5
LISTAUSDT,62,67.4,55.5,51.1
LPTUSDT,64.8,59.2,56.8,59.9
LQTYUSDT,69.6,64,53.4,52.2
LSKUSDT,55,49.1,39.5,44.1
LTCUSDT,46.1,45.5,34.5,48.4
LUMIAUSDT,67.8,55.2,44.4,47.4
LUNA2USDT,65,64.1,49,44.2
LYNUSDT,58.6,47.4,33.9,28.4
MAGICUSDT,66.1,80.4,90.3,88.4
MAGMAUSDT,62.1,56.1,46.7,46.1
MANAUSDT,66,57.1,45.3,55.1
MANTAUSDT,72.1,66.3,52.8,48.8
MANTRAUSDT,71.4,62.8,52.8,49.5
MARSCOINUSDT,58.6,53,42,46.4
MASKUSDT,79.8,68.7,56,52.3
MAVIAUSDT,60,59.8,47.9,47.2
MAVUSDT,82.8,73.2,57.8,52.6
MEGAUSDT,62.9,49.7,39,46.1
MELANIAUSDT,69.5,54.8,37.5,35.6
MEMEUSDT,66,63.7,51,48.1
MERLUSDT,51.6,55.4,57.3,59.1
METISUSDT,54.8,51.1,50.3,52.3
METUSDT,48.5,42.6,54.2,66.1
MEUSDT,66.1,65.7,51.8,49.4
MEWUSDT,68.7,54.1,40.4,48.5
MINAUSDT,47.7,45.5,17.9,33.2
MIRAUSDT,55.6,57.2,47,46.6
MITOUSDT,75.9,61.8,47.1,42.3
MMTUSDT,50.1,58,55.3,54.5
MOCAUSDT,74.3,65.3,51.3,48.2
MONUSDT,50.3,45.1,34.8,42.2
MOODENGUSDT,66.8,56.6,42.4,41.5
MORPHOUSDT,56.9,48.9,37.7,43.2
MOVEUSDT,69,60.9,45.1,48.1
MOVRUSDT,35.5,38.9,45.2,57.5
MTLUSDT,64.3,63.1,57,54.6
MUBARAKUSDT,51.2,52.5,56,68.3
MUSDT,46.6,44.7,43.8,39.9
MYXUSDT,73.2,64.7,44.7,42.5
NAORISUSDT,63.8,51.7,40.5,38.2
NEARUSDT,57.3,55.2,48.6,57.2
NEIROUSDT,71,62.5,47.9,45
NEOUSDT,66.2,62.7,51.1,50.2
NEWTUSDT,73.3,68,51.8,49.3
NIGHTUSDT,45.2,49.5,46.8,65.5
NILUSDT,39.2,40,39.8,51.9
NMRUSDT,56.4,42.4,47,59.9
NOMUSDT,56.9,53.8,48.4,55.5
NOTUSDT,76.3,71.6,56.5,49.8
NXPCUSDT,73.4,62.6,46.8,43.1
OGNUSDT,57.9,52,63.1,75.4
OGUSDT,78.3,62.4,51.6,49.2
ONDOUSDT,54.6,52.1,50.1,54.1
ONEUSDT,45.4,44,40.1,50
ONGUSDT,63.9,63,54.8,49.6
ONTUSDT,55.4,54,55.1,60
ONUSDT,48.8,56.8,56.1,42
OPENUSDT,59.4,53,42.8,33.9
OPGUSDT,59.7,63.5,70.1,71.7
OPNUSDT,50.9,56.2,59.9,62.8
OPUSDT,74.9,74.4,61.1,55.2
ORCAUSDT,38.5,33.5,42.8,57.8
ORDERUSDT,75.8,67.9,54.3,48.4
ORDIUSDT,58.9,56.4,46.1,44.2
OUSDT,47.4,41.8,34.5,29.8
PARTIUSDT,61.1,52.6,58.7,75.2
PAXGUSDT,42.9,57.1,60.1,44.1
PENDLEUSDT,61.8,50.8,38.6,40.9
PENGUUSDT,66.1,57.1,39.8,43.9
PEOPLEUSDT,66.6,66.8,48,43.4
PHAROSUSDT,60.3,56.8,46.6,54.4
PHAUSDT,71,57.4,41.8,52.9
PIEVERSEUSDT,48.4,46.6,45.1,44.3
PIPPINUSDT,72.7,66.4,50.8,45.1
PIXELUSDT,64.8,83,72,69
PLAYUSDT,53.8,41.3,28.9,33
PLUMEUSDT,59.8,54.4,50.4,56.8
PNUTUSDT,60.9,56.9,45.9,44.2
POLUSDT,65.1,55.8,45.2,44
POLYXUSDT,70.8,68.4,52.2,48.5
PONSUSDT,60.3,47.3,38.8,28.9
POPCATUSDT,67.7,59.7,44.8,42.1
PORTALUSDT,67.9,56.4,44.9,44.1
POWERUSDT,51.1,49.4,45.7,40.7
POWRUSDT,61.5,53.8,42.3,46.4
PRLUSDT,73,61.2,52.6,37.5
PROMPTUSDT,26.9,48.6,50,44.9
PROMUSDT,59.1,50.9,44.3,45.1
PROVEUSDT,61.8,54.9,40.7,43.2
PTBUSDT,58.2,55.7,47,49.3
PUMPBTCUSDT,76.4,91,93.1,87.8
PUMPUSDT,54.1,43.5,38.4,53.6
PUNDIXUSDT,72.1,61.9,46.7,48.5
PYTHUSDT,42.3,45,53.5,63.3
QNTUSDT,53.9,55.2,50.7,64.6
QTUMUSDT,70.5,65.3,53,50.3
QUSDT,45.6,59.3,72.6,59.9
RAREUSDT,53.2,54.7,53.3,55.8
RAVEUSDT,51.2,55.9,46.1,39.4
RAYSOLUSDT,32.3,38.9,48.6,64.9
RECALLUSDT,73.7,71,53.3,48.8
REDUSDT,61.7,55,38.3,46.4
RENDERUSDT,65.5,53.4,45.2,53.6
RESOLVUSDT,65.9,56,44.7,47.8
REUSDT,61.4,50.1,37.3,41.3
REZUSDT,61,58.9,48.2,48.5
RIFUSDT,66.5,61.6,54.5,49.8
RIVERUSDT,62.9,55.7,49.8,43
RLCUSDT,53.5,53.8,64.2,88.3
ROBOUSDT,59.3,50,40,34.4
RONINUSDT,63.8,71,55.1,54.9
ROSEUSDT,48.7,56.1,53.4,52.6
RPLUSDT,65.4,69,57.8,50.7
RSRUSDT,64,57.3,45.3,47.2
RUNEUSDT,77.5,63.9,43.5,53.8
RVNUSDT,71.3,59.4,50.2,42.5
SAFEUSDT,74.3,62.9,53.6,53.8
SAGAUSDT,54.5,45.2,40.4,45.4
SAHARAUSDT,65.3,55.8,46,42.1
SANDUSDT,59.2,49,48,62.8
SANTOSUSDT,81,69,58.3,54.5
SAPIENUSDT,63.8,54.6,44.4,38.9
SCRUSDT,55.5,50.9,49.7,53.5
SEIUSDT,61.2,50,40,53.2
SENTUSDT,38.9,27.6,31.1,49.4
SFPUSDT,71.9,63.3,47.1,45
SHELLUSDT,62.9,67,57,50.4
SIGNUSDT,52.3,57.8,58,59.3
SIRENUSDT,51.4,47,46.9,38.9
SKLUSDT,58.2,54.3,57.7,68.4
SKRUSDT,62.1,60.3,48.4,42.5
SKYAIUSDT,53.3,53.9,44.5,31.3
SKYUSDT,50.4,42.3,35.7,48.4
SLXUSDT,58.9,53.5,47.2,37.6
SNXUSDT,70.9,65.3,51.1,50.5
SOLUSDT,48.7,42.5,30.2,42.8
SOLVUSDT,69.8,64.1,50.5,46.4
SOMIUSDT,45.6,45.9,47.5,55.8
SONICUSDT,67.7,59.7,48.7,51.5
SOONUSDT,34.2,31.1,31.6,52.5
SOPHUSDT,63.2,56.8,49.8,45
SPACEUSDT,59.3,53.1,35.2,35.8
SPELLUSDT,66.8,58.6,48,51
SPKUSDT,59,50.2,39.4,47.1
SPORTFUNUSDT,49.3,54.9,60.2,59
SPXUSDT,54.2,50.3,38.4,36.6
SQDUSDT,59.8,53.7,42.3,37
SSVUSDT,70.9,63.9,49.1,44.9
STABLEUSDT,64.8,54.6,45.8,43.5
STARUSDT,60.3,49.5,43.8,37.2
STBLUSDT,68.7,58.1,43,37.8
STEEMUSDT,58.8,60.3,53.5,55.1
STOUSDT,67.3,62.9,52.4,45.9
STRKUSDT,64.1,62.4,71.4,76.7
STXUSDT,75.3,60.9,56,67.4
SUIUSDT,56.8,51.4,39.8,52.1
SUNUSDT,53.1,55.1,44.4,45.3
SUPERUSDT,55.5,46.1,44,63.9
SUSDT,47.7,58,59.8,60.6
SUSHIUSDT,63.2,58.6,45.4,45.4
SWARMSUSDT,54.3,51.6,46.4,48.7
SXTUSDT,76.5,67.9,58.5,55.3
SYNUSDT,44.8,48.2,49.3,55.6
SYRUPUSDT,59.2,49,43.3,50.5
TACUSDT,58.2,52.4,47.3,38
TAGUSDT,51.3,44.2,30.7,34.5
TAIKOUSDT,70.3,57.1,44.1,46.1
TAKEUSDT,61.7,50.6,45.7,52.6
TAOUSDT,54,50.4,40.6,46.7
TAUSDT,59.1,57.8,51.6,47.6
THETAUSDT,79.1,71.5,57.8,56.4
THEUSDT,69.3,58.3,42.7,40.2
TIAUSDT,49.9,43.5,49,54.9
TLMUSDT,70.5,67.4,50.4,46.2
TNSRUSDT,58.5,55,43.9,45.8
TOSHIUSDT,66.8,59.3,43.6,42
TOWNSUSDT,68.2,59.5,43,40.6
TRADOORUSDT,60.4,48.9,38.2,46.1
TRBUSDT,67,61.5,46.9,49.5
TREEUSDT,65.9,55.9,47.1,47.4
TRIAUSDT,49.5,44.6,32.1,33
TRUMPUSDT,70.3,62.3,47.5,42
TRUSTUSDT,69,61.9,47.2,42.8
TRUTHUSDT,44.5,23.5,33.9,45.9
TRXUSDT,44.2,41,38.5,40.5
TSTUSDT,57,56.1,50.9,51.1
TURBOUSDT,69,71,54.6,49.4
TURTLEUSDT,78.9,71.3,57.9,50.8
TUSDT,69.2,64.5,55.7,54.9
TUTUSDT,49,49.8,40.3,42.9
TWTUSDT,62.5,59.6,38.1,41.6
UAIUSDT,49,55.2,65.7,48
UBUSDT,66,57.5,54.6,52.8
UMAUSDT,60.8,59.6,55,55.5
UNIUSDT,55.3,46,30.4,40.8
USELESSUSDT,49.5,38.9,31.1,40.1
USTCUSDT,64.5,60.2,48.1,44.7
USUALUSDT,62.7,55.4,43.7,44
USUSDT,52.9,74.4,80,62
VANAUSDT,73.2,65.9,54.4,49.7
VELODROMEUSDT,48.1,45.5,46,57.3
VELVETUSDT,57.1,66.4,61.2,46.4
VETUSDT,59.5,55.6,43.3,44.5
VIRTUALUSDT,70.8,57.8,41.7,47.5
VTHOUSDT,57.9,48.2,45.3,50
VVVUSDT,56.5,40.2,30.1,39.5
WALUSDT,59.6,54.2,47.7,53.6
WAXPUSDT,69.6,63.4,50.2,53.3
WCTUSDT,67.5,66.5,58,53.4
WETUSDT,68.3,60.4,47.5,43.1
WLDUSDT,64,60.8,45.6,52.3
WLFIUSDT,79.5,74.7,63.3,52.8
WOOUSDT,79.3,70.3,52.1,50.7
WUSDT,47.1,52.2,61.6,71.6
XAIUSDT,71.6,80.8,64.4,60.2
XANUSDT,50,53.9,47.2,42.9
XAUTUSDT,44.6,58.7,61,44.7
XLMUSDT,62,53.2,37.8,43.8
XMRUSDT,35.1,36.4,35.5,43.5
XNYUSDT,66.5,54.5,33.9,38.9
XPINUSDT,62,52.2,47.6,42.9
XPLUSDT,60.8,52.4,39.7,41.6
XRPUSDT,59.1,52.9,40.1,43.4
XTZUSDT,69,58,43.7,47.7
XVGUSDT,72.3,57.7,42.1,44.5
XVSUSDT,66.5,57.1,41.4,43
YBUSDT,68.8,56.4,42.9,40.3
YFIUSDT,71.4,63.8,48.2,49.9
YGGUSDT,76,71.3,63,58
ZAMAUSDT,58.1,58.2,46,50.8
ZBTUSDT,62.1,55.9,43.7,42.9
ZECUSDT,43,44.9,40.3,43.3
ZENUSDT,55.9,50.1,42.5,43.2
ZEREBROUSDT,56.8,52.1,42.4,34.4
ZESTUSDT,70.5,49.3,48.1,56.9
ZETAUSDT,61.8,57.4,46.9,51.5
ZILUSDT,60.3,64,55.9,53.9
ZKCUSDT,65.7,67.4,55.4,46.9
ZKPUSDT,54.5,64.2,56.3,51.5
ZKUSDT,56,71.8,67.9,64.4
ZORAUSDT,66.6,59,46,39.7
ZROUSDT,48.2,41.1,44.3,63.5
ZRXUSDT,75,73.9,60.9,58.5
哈基米USDT,59.7,53.7,50.6,32.2
币安人生USDT,44.8,60.8,65.8,63.9
我踏马来了USDT,58.3,54.4,47.1,44.1
牛来USDT,54.8,54.4,45.7,40.2
龙虾USDT,61.6,54.6,48.8,43.2
